運番,始発駅,行先駅,谷上,,発,新神,,発,三宮,県庁,大倉,湊川,上沢,長田,新長,板宿,妙法,着,名谷,,,運動,学園,伊川,神南,着,西神,
02,名谷,西神中央,,,,,,,,,,,,,,,,4,泊車,5:23,,5:25,5:27,5:29,5:31,3,5:34,
05,名谷,西神中央,,,,,,,,,,,,,,,,3,出庫,5:38,,5:40,5:42,5:44,5:46,2,5:49,
26,谷上,西神中央,泊車,5:18,5,,5:26,2,5:28,5:30,5:32,5:33,5:35,5:37,5:39,5:41,5:44,4,,5:47,,5:50,5:52,5:54,5:56,3,5:59,
06,新神戸,西神中央,,,,泊車,5:39,3,5:41,5:43,5:45,5:46,5:48,5:50,5:52,5:54,5:58,4,,6:01,,6:03,6:05,6:07,6:10,2,6:12,
27,谷上,西神中央,泊車,5:45,5,,5:53,2,5:55,5:57,5:59,6:01,6:02,6:04,6:06,6:08,6:12,4,,6:15,,6:17,6:20,6:22,6:24,2,6:27,
03,新神戸,西神中央,,,,,6:01,3,6:04,6:05,6:07,6:09,6:10,6:12,6:15,6:17,6:20,4,,6:23,,6:25,6:28,6:30,6:32,3,6:35,
07,名谷,西神中央,,,,,,,,,,,,,,,,3,出庫,6:31,,6:33,6:35,6:37,6:40,2,6:42,
01,谷上,西神中央,,6:06,5,,6:14,2,6:17,6:18,6:20,6:22,6:24,6:25,6:28,6:30,6:33,4,,6:36,,6:39,6:41,6:43,6:45,3,6:48,
02,新神戸,西神中央,,,,,6:24,3,6:27,6:29,6:30,6:32,6:34,6:35,6:38,6:40,6:44,4,,6:47,,6:49,6:51,6:53,6:56,2,6:58,
04,谷上,西神中央,,6:25,5,,6:33,2,6:36,6:37,6:39,6:41,6:42,6:44,6:47,6:49,6:52,4,,6:55,,6:57,7:00,7:02,7:04,3,7:07,
10,名谷,西神中央,,,,,,,,,,,,,,,,3,出庫,7:01,,7:03,7:06,7:08,7:10,2,7:13,
26,新神戸,西神中央,,,,,6:45,3,6:48,6:49,6:51,6:53,6:55,6:56,6:59,7:01,7:04,4,,7:07,,7:10,7:12,7:14,7:16,3,7:19,
05,谷上,西神中央,,6:43,5,,6:52,2,6:54,6:56,6:58,6:59,7:01,7:03,7:05,7:07,7:11,4,,7:14,,7:16,7:18,7:21,7:23,2,7:26,
12,名谷,西神中央,,,,,,,,,,,,,,,,3,出庫,7:20,,7:22,7:25,7:27,7:29,3,7:32,
08,新神戸,西神中央,,,,,7:04,3,7:07,7:08,7:10,7:12,7:13,7:15,7:18,7:20,7:23,4,,7:26,,7:28,7:31,7:33,7:35,2,7:38,
13,名谷,西神中央,,,,,,,,,,,,,,,,3,出庫,7:32,,7:34,7:37,7:39,7:41,3,7:44,
06,谷上,西神中央,,7:08,5,,7:16,2,7:18,7:20,7:22,7:24,7:25,7:27,7:29,7:31,7:35,4,,7:38,,7:40,7:43,7:45,7:47,2,7:50,
03,新神戸,西神中央,,,,,7:24,3,7:27,7:28,7:30,7:32,7:33,7:35,7:38,7:40,7:43,4,,7:46,,7:48,7:51,7:53,7:55,3,7:58,
27,谷上,西神中央,,7:23,5,,7:31,2,7:34,7:35,7:37,7:39,7:41,7:42,7:45,7:47,7:50,4,,7:53,,7:56,7:58,8:00,8:02,2,8:05,
09,谷上,西神中央,,7:30,5,,7:38,2,7:40,7:42,7:44,7:46,7:47,7:49,7:51,7:53,7:57,4,,8:00,,8:02,8:05,8:07,8:09,3,8:12,
01,新神戸,西神中央,,,,,7:43,3,7:46,7:47,7:49,7:51,7:52,7:54,7:57,7:59,8:02,4,,8:05,,8:07,8:10,8:12,8:14,3,8:17,入庫
15,名谷,西神中央,,,,,,,,,,,,,,,,3,出庫,8:09,,8:11,8:14,8:16,8:18,2,8:21,
07,谷上,西神中央,,7:42,5,,7:50,2,7:53,7:54,7:56,7:58,8:00,8:01,8:04,8:06,8:09,4,,8:13,,8:15,8:17,8:19,8:22,3,8:24,
04,新神戸,西神中央,,,,,7:57,3,7:59,8:01,8:03,8:04,8:06,8:08,8:10,8:12,8:16,4,,8:19,,8:21,8:23,8:26,8:28,3,8:31,
11,谷上,西神中央,,7:54,5,,8:02,2,8:04,8:06,8:08,8:10,8:11,8:13,8:15,8:17,8:21,4,,8:24,,8:26,8:29,8:31,8:33,2,8:36,入庫
26,新神戸,西神中央,,,,,8:06,3,8:09,8:10,8:12,8:14,8:16,8:17,8:20,8:22,8:25,4,,8:28,,8:31,8:33,8:35,8:37,2,8:40,
02,谷上,西神中央,,8:04,6,,8:12,2,8:14,8:16,8:18,8:20,8:21,8:23,8:25,8:27,8:31,4,,8:34,,8:36,8:39,8:41,8:43,3,8:46,
10,谷上,西神中央,,8:09,5,,8:17,2,8:20,8:21,8:23,8:25,8:27,8:28,8:31,8:33,8:36,4,,8:39,,8:42,8:44,8:46,8:48,2,8:51,
12,新神戸,西神中央,,,,,8:22,3,8:25,8:27,8:28,8:30,8:32,8:33,8:36,8:38,8:42,4,,8:45,,8:47,8:49,8:51,8:54,3,8:56,
05,谷上,西神中央,,8:20,5,,8:28,2,8:30,8:32,8:34,8:36,8:37,8:39,8:41,8:43,8:47,4,,8:50,,8:52,8:55,8:57,8:59,2,9:02,
13,新神戸,西神中央,,,,,8:33,3,8:36,8:37,8:39,8:41,8:43,8:44,8:47,8:49,8:52,4,,8:56,,8:58,9:00,9:02,9:05,3,9:07,
08,谷上,西神中央,,8:31,5,,8:39,2,8:42,8:43,8:45,8:47,8:49,8:50,8:53,8:55,8:58,4,,9:01,,9:04,9:06,9:08,9:10,2,9:13,
06,新神戸,西神中央,,,,,8:44,3,8:47,8:48,8:50,8:52,8:54,8:55,8:58,9:00,9:03,4,,9:06,,9:09,9:11,9:13,9:15,3,9:18,
16,新神戸,西神中央,,,,,8:49,3,8:52,8:54,8:55,8:57,8:59,9:00,9:03,9:05,9:09,4,,9:12,,9:14,9:16,9:18,9:21,2,9:23,
14,谷上,西神中央,,8:47,5,,8:55,2,8:58,8:59,9:01,9:03,9:05,9:06,9:09,9:11,9:14,4,,9:18,,9:20,9:22,9:24,9:27,3,9:29,
27,新神戸,名谷,,,,,9:00,3,9:03,9:04,9:06,9:08,9:10,9:11,9:14,9:16,9:19,4,,9:22,入庫,,,,,,,
03,谷上,西神中央,,8:57,5,,9:05,2,9:07,9:09,9:11,9:13,9:14,9:16,9:18,9:20,9:24,4,,9:27,,9:29,9:32,9:34,9:36,2,9:39,
15,新神戸,西神中央,,,,,9:11,3,9:14,9:15,9:17,9:19,9:21,9:22,9:25,9:27,9:30,4,,9:33,,9:36,9:38,9:40,9:42,3,9:45,
09,谷上,西神中央,,9:10,5,,9:18,2,9:21,9:22,9:24,9:26,9:27,9:29,9:31,9:33,9:37,4,,9:40,,9:42,9:44,9:46,9:49,2,9:51,
04,新神戸,名谷,,,,,9:24,1,9:26,9:28,9:30,9:32,9:33,9:35,9:37,9:39,9:43,4,,9:45,入庫,,,,,,,
26,新神戸,西神中央,,,,,9:28,3,9:30,9:32,9:34,9:35,9:37,9:39,9:41,9:43,9:47,4,,9:50,,9:52,9:54,9:56,9:59,2,10:01,
07,谷上,西神中央,,9:26,5,,9:34,2,9:36,9:38,9:40,9:42,9:43,9:45,9:47,9:49,9:53,4,,9:56,,9:58,10:01,10:03,10:05,3,10:08,
10,新神戸,西神中央,,,,,9:42,3,9:44,9:46,9:48,9:50,9:51,9:53,9:55,9:57,10:01,4,,10:04,,10:06,10:09,10:11,10:13,2,10:16,
02,谷上,西神中央,,9:41,5,,9:49,2,9:52,9:53,9:55,9:57,9:59,10:00,10:03,10:05,10:08,4,,10:11,,10:14,10:16,10:18,10:20,3,10:23,
05,新神戸,西神中央,,,,,9:53,3,9:56,9:57,9:59,10:01,10:03,10:04,10:07,10:09,10:12,4,,10:15,,10:18,10:20,10:22,10:24,2,10:27,
08,新神戸,名谷,,,,,9:59,3,10:01,10:03,10:05,10:07,10:08,10:10,10:12,10:15,10:18,4,,10:20,入庫,,,,,,,
12,谷上,西神中央,,9:56,5,,10:05,2,10:07,10:09,10:11,10:12,10:14,10:16,10:18,10:20,10:24,4,,10:27,,10:29,10:31,10:33,10:36,3,10:38,
06,新神戸,西神中央,,,,,10:12,3,10:14,10:16,10:18,10:20,10:21,10:23,10:25,10:27,10:31,4,,10:34,,10:36,10:39,10:41,10:43,2,10:46,
13,谷上,西神中央,,10:11,5,,10:19,2,10:22,10:23,10:25,10:27,10:29,10:30,10:33,10:35,10:38,4,,10:42,,10:44,10:46,10:48,10:51,3,10:53,
03,新神戸,西神中央,,,,,10:27,3,10:29,10:31,10:33,10:35,10:36,10:38,10:40,10:42,10:46,4,,10:49,,10:51,10:54,10:56,10:58,2,11:01,
16,谷上,西神中央,,10:26,5,,10:34,2,10:36,10:38,10:40,10:42,10:43,10:45,10:47,10:49,10:53,4,,10:56,,10:58,11:01,11:03,11:05,3,11:08,
09,新神戸,西神中央,,,,,10:42,3,10:44,10:46,10:48,10:50,10:51,10:53,10:55,10:57,11:01,4,,11:04,,11:06,11:09,11:11,11:13,2,11:16,
15,谷上,西神中央,,10:41,4,,10:49,2,10:51,10:53,10:55,10:57,10:58,11:00,11:02,11:04,11:08,4,,11:11,,11:13,11:16,11:18,11:20,3,11:23,
07,新神戸,西神中央,,,,,10:57,3,10:59,11:01,11:03,11:05,11:06,11:08,11:10,11:12,11:16,4,,11:19,,11:21,11:24,11:26,11:28,2,11:31,
26,谷上,西神中央,,10:56,4,,11:04,2,11:06,11:08,11:10,11:12,11:13,11:15,11:17,11:19,11:23,4,,11:26,,11:28,11:31,11:33,11:35,3,11:38,
02,新神戸,西神中央,,,,,11:12,3,11:14,11:16,11:18,11:20,11:21,11:23,11:25,11:27,11:31,4,,11:34,,11:36,11:39,11:41,11:43,2,11:46,
10,谷上,西神中央,,11:11,4,,11:19,2,11:21,11:23,11:25,11:27,11:28,11:30,11:32,11:34,11:38,4,,11:41,,11:43,11:46,11:48,11:50,3,11:53,
12,新神戸,西神中央,,,,,11:27,3,11:29,11:31,11:33,11:35,11:36,11:38,11:40,11:42,11:46,4,,11:49,,11:51,11:54,11:56,11:58,2,12:01,
05,谷上,西神中央,,11:26,4,,11:34,2,11:36,11:38,11:40,11:42,11:43,11:45,11:47,11:49,11:53,4,,11:56,,11:58,12:01,12:03,12:05,3,12:08,
13,新神戸,西神中央,,,,,11:42,3,11:44,11:46,11:48,11:50,11:51,11:53,11:55,11:57,12:01,4,,12:04,,12:06,12:09,12:11,12:13,2,12:16,
06,谷上,西神中央,,11:41,4,,11:49,2,11:51,11:53,11:55,11:57,11:58,12:00,12:02,12:04,12:08,4,,12:11,,12:13,12:16,12:18,12:20,3,12:23,
16,新神戸,西神中央,,,,,11:57,3,11:59,12:01,12:03,12:05,12:06,12:08,12:10,12:12,12:16,4,,12:19,,12:21,12:24,12:26,12:28,2,12:31,
03,谷上,西神中央,,11:56,4,,12:04,2,12:06,12:08,12:10,12:12,12:13,12:15,12:17,12:19,12:23,4,,12:26,,12:28,12:31,12:33,12:35,3,12:38,
15,新神戸,西神中央,,,,,12:12,3,12:14,12:16,12:18,12:20,12:21,12:23,12:25,12:27,12:31,4,,12:34,,12:36,12:39,12:41,12:43,2,12:46,
09,谷上,西神中央,,12:11,4,,12:19,2,12:21,12:23,12:25,12:27,12:28,12:30,12:32,12:34,12:38,4,,12:41,,12:43,12:46,12:48,12:50,3,12:53,
26,新神戸,西神中央,,,,,12:27,3,12:29,12:31,12:33,12:35,12:36,12:38,12:40,12:42,12:46,4,,12:49,,12:51,12:54,12:56,12:58,2,13:01,
07,谷上,西神中央,,12:26,4,,12:34,2,12:36,12:38,12:40,12:42,12:43,12:45,12:47,12:49,12:53,4,,12:56,,12:58,13:01,13:03,13:05,3,13:08,
10,新神戸,西神中央,,,,,12:42,3,12:44,12:46,12:48,12:50,12:51,12:53,12:55,12:57,13:01,4,,13:04,,13:06,13:09,13:11,13:13,2,13:16,
02,谷上,西神中央,,12:41,4,,12:49,2,12:51,12:53,12:55,12:57,12:58,13:00,13:02,13:04,13:08,4,,13:11,,13:13,13:16,13:18,13:20,3,13:23,
05,新神戸,西神中央,,,,,12:57,3,12:59,13:01,13:03,13:05,13:06,13:08,13:10,13:12,13:16,4,,13:19,,13:21,13:24,13:26,13:28,2,13:31,
12,谷上,西神中央,,12:56,4,,13:04,2,13:06,13:08,13:10,13:12,13:13,13:15,13:17,13:19,13:23,4,,13:26,,13:28,13:31,13:33,13:35,3,13:38,
06,新神戸,西神中央,,,,,13:12,3,13:14,13:16,13:18,13:20,13:21,13:23,13:25,13:27,13:31,4,,13:34,,13:36,13:39,13:41,13:43,2,13:46,
13,谷上,西神中央,,13:11,4,,13:19,2,13:21,13:23,13:25,13:27,13:28,13:30,13:32,13:34,13:38,4,,13:41,,13:43,13:46,13:48,13:50,3,13:53,
03,新神戸,西神中央,,,,,13:27,3,13:29,13:31,13:33,13:35,13:36,13:38,13:40,13:42,13:46,4,,13:49,,13:51,13:54,13:56,13:58,2,14:01,
16,谷上,西神中央,,13:26,4,,13:34,2,13:36,13:38,13:40,13:42,13:43,13:45,13:47,13:49,13:53,4,,13:56,,13:58,14:01,14:03,14:05,3,14:08,
09,新神戸,西神中央,,,,,13:42,3,13:44,13:46,13:48,13:50,13:51,13:53,13:55,13:57,14:01,4,,14:04,,14:06,14:09,14:11,14:13,2,14:16,
15,谷上,西神中央,,13:41,4,,13:49,2,13:51,13:53,13:55,13:57,13:58,14:00,14:02,14:04,14:08,4,,14:11,,14:13,14:16,14:18,14:20,3,14:23,
07,新神戸,西神中央,,,,,13:57,3,13:59,14:01,14:03,14:05,14:06,14:08,14:10,14:12,14:16,4,,14:19,,14:21,14:24,14:26,14:28,2,14:31,
26,谷上,西神中央,,13:56,4,,14:04,2,14:06,14:08,14:10,14:12,14:13,14:15,14:17,14:19,14:23,4,,14:26,,14:28,14:31,14:33,14:35,3,14:38,
02,新神戸,西神中央,,,,,14:12,3,14:14,14:16,14:18,14:20,14:21,14:23,14:25,14:27,14:31,4,,14:34,,14:36,14:39,14:41,14:43,2,14:46,
10,谷上,西神中央,,14:11,4,,14:19,2,14:21,14:23,14:25,14:27,14:28,14:30,14:32,14:34,14:38,4,,14:41,,14:43,14:46,14:48,14:50,3,14:53,
12,新神戸,西神中央,,,,,14:27,3,14:29,14:31,14:33,14:35,14:36,14:38,14:40,14:42,14:46,4,,14:49,,14:51,14:54,14:56,14:58,2,15:01,
05,谷上,西神中央,,14:26,4,,14:34,2,14:36,14:38,14:40,14:42,14:43,14:45,14:47,14:49,14:53,4,,14:56,,14:58,15:01,15:03,15:05,3,15:08,
13,新神戸,西神中央,,,,,14:42,3,14:44,14:46,14:48,14:50,14:51,14:53,14:55,14:57,15:01,4,,15:04,,15:06,15:09,15:11,15:13,2,15:16,
06,谷上,西神中央,,14:41,4,,14:49,2,14:51,14:53,14:55,14:57,14:58,15:00,15:02,15:04,15:08,4,,15:11,,15:13,15:16,15:18,15:20,3,15:23,
16,新神戸,西神中央,,,,,14:57,3,14:59,15:01,15:03,15:05,15:06,15:08,15:10,15:12,15:16,4,,15:19,,15:21,15:24,15:26,15:28,2,15:31,
03,谷上,西神中央,,14:56,4,,15:04,2,15:06,15:08,15:10,15:12,15:13,15:15,15:17,15:19,15:23,4,,15:26,,15:28,15:31,15:33,15:35,3,15:38,
15,新神戸,西神中央,,,,,15:12,3,15:14,15:16,15:18,15:19,15:21,15:23,15:25,15:27,15:31,4,,15:34,,15:36,15:38,15:40,15:43,2,15:45,
09,谷上,西神中央,,15:11,4,,15:19,2,15:21,15:23,15:25,15:27,15:28,15:30,15:32,15:34,15:38,4,,15:41,,15:43,15:46,15:48,15:50,3,15:53,
26,新神戸,西神中央,,,,,15:26,3,15:28,15:30,15:32,15:34,15:35,15:37,15:39,15:41,15:45,4,,15:48,,15:50,15:53,15:55,15:57,2,16:00,
07,谷上,西神中央,,15:26,4,,15:34,2,15:36,15:38,15:40,15:42,15:43,15:45,15:47,15:49,15:53,4,,15:56,,15:58,16:01,16:03,16:05,3,16:08,
10,新神戸,西神中央,,,,,15:41,3,15:43,15:45,15:47,15:49,15:50,15:52,15:54,15:56,16:00,4,,16:03,,16:05,16:08,16:10,16:12,2,16:15,
02,谷上,西神中央,,15:41,4,,15:49,2,15:51,15:53,15:55,15:57,15:58,16:00,16:02,16:04,16:08,4,,16:11,,16:13,16:16,16:18,16:20,3,16:23,
05,新神戸,西神中央,,,,,15:56,3,15:58,16:00,16:02,16:03,16:05,16:07,16:09,16:11,16:15,4,,16:18,,16:20,16:22,16:25,16:27,2,16:30,
12,谷上,西神中央,,15:56,4,,16:04,2,16:06,16:08,16:10,16:12,16:13,16:15,16:17,16:19,16:23,4,,16:26,,16:28,16:31,16:33,16:35,3,16:38,
06,新神戸,西神中央,,,,,16:10,3,16:13,16:14,16:16,16:18,16:20,16:21,16:24,16:26,16:29,4,,16:32,,16:35,16:37,16:39,16:41,2,16:44,
13,谷上,西神中央,,16:11,5,,16:19,2,16:21,16:23,16:25,16:27,16:28,16:30,16:32,16:34,16:38,4,,16:41,,16:43,16:46,16:48,16:50,2,16:53,
17,新神戸,西神中央,,,,,16:26,3,16:28,16:30,16:32,16:34,16:35,16:37,16:40,16:42,16:45,4,,16:48,,16:50,16:53,16:55,16:57,3,17:00,
16,谷上,西神中央,,16:25,5,,16:33,2,16:35,16:37,16:39,16:41,16:42,16:44,16:47,16:49,16:52,4,,16:56,,16:58,17:00,17:02,17:05,2,17:07,
09,新神戸,西神中央,,,,,16:38,3,16:41,16:42,16:44,16:46,16:48,16:49,16:52,16:54,16:58,4,,17:01,,17:04,17:06,17:08,17:10,3,17:13,
03,谷上,西神中央,,16:36,5,,16:45,2,16:47,16:49,16:51,16:53,16:54,16:56,16:59,17:01,17:04,4,,17:08,,17:10,17:12,17:14,17:17,2,17:19,
15,谷上,西神中央,,16:44,5,,16:52,2,16:54,16:56,16:58,17:00,17:01,17:03,17:06,17:08,17:11,4,,17:15,,17:17,17:19,17:21,17:24,3,17:26,
07,新神戸,西神中央,,,,,16:59,3,17:01,17:03,17:05,17:06,17:08,17:10,17:13,17:15,17:18,4,,17:21,,17:24,17:26,17:28,17:30,2,17:33,
26,谷上,西神中央,,16:57,5,,17:06,2,17:08,17:10,17:12,17:13,17:15,17:17,17:20,17:22,17:25,4,,17:28,,17:31,17:33,17:35,17:37,3,17:40,
02,新神戸,西神中央,,,,,17:13,3,17:15,17:17,17:19,17:21,17:22,17:24,17:27,17:29,17:32,4,,17:36,,17:38,17:40,17:42,17:45,2,17:47,
10,谷上,西神中央,,17:12,5,,17:20,2,17:23,17:24,17:26,17:28,17:30,17:31,17:34,17:36,17:40,4,,17:43,,17:45,17:48,17:50,17:52,3,17:55,
12,新神戸,西神中央,,,,,17:27,3,17:30,17:31,17:33,17:35,17:37,17:38,17:41,17:43,17:47,4,,17:50,,17:52,17:55,17:57,17:59,2,18:02,
05,谷上,西神中央,,17:27,5,,17:35,2,17:37,17:39,17:41,17:43,17:44,17:46,17:49,17:51,17:54,4,,17:58,,18:00,18:02,18:05,18:07,3,18:10,
13,新神戸,西神中央,,,,,17:41,3,17:44,17:45,17:47,17:49,17:51,17:52,17:55,17:57,18:01,4,,18:04,,18:06,18:09,18:11,18:13,2,18:16,
06,谷上,西神中央,,17:41,5,,17:49,2,17:51,17:53,17:55,17:57,17:58,18:00,18:03,18:05,18:08,4,,18:12,,18:14,18:16,18:18,18:21,3,18:23,
16,新神戸,西神中央,,,,,17:55,3,17:58,17:59,18:01,18:03,18:05,18:06,18:09,18:11,18:15,4,,18:18,,18:20,18:23,18:25,18:27,2,18:30,
17,谷上,西神中央,,17:55,5,,18:03,2,18:05,18:07,18:09,18:11,18:12,18:14,18:17,18:19,18:22,4,,18:26,,18:28,18:30,18:32,18:35,3,18:37,
03,新神戸,西神中央,,,,,18:10,3,18:12,18:14,18:16,18:17,18:19,18:21,18:24,18:26,18:29,4,,18:32,,18:35,18:37,18:39,18:41,2,18:44,
09,谷上,西神中央,,18:10,5,,18:18,2,18:20,18:22,18:24,18:26,18:27,18:29,18:32,18:34,18:37,4,,18:41,,18:43,18:45,18:48,18:50,2,18:53,
07,新神戸,西神中央,,,,,18:25,3,18:28,18:29,18:31,18:33,18:35,18:36,18:39,18:41,18:45,4,,18:48,,18:50,18:53,18:55,18:57,3,19:00,
15,谷上,西神中央,,18:25,5,,18:33,2,18:35,18:37,18:39,18:41,18:42,18:44,18:47,18:49,18:52,4,,18:56,,18:58,19:00,19:03,19:05,2,19:08,
02,新神戸,西神中央,,,,,18:40,3,18:43,18:44,18:46,18:48,18:50,18:51,18:54,18:56,19:00,4,,19:03,,19:05,19:08,19:10,19:12,3,19:15,
26,谷上,西神中央,,18:40,5,,18:48,2,18:50,18:52,18:54,18:56,18:57,18:59,19:02,19:04,19:07,4,,19:11,,19:13,19:15,19:18,19:20,3,19:23,
12,新神戸,西神中央,,,,,18:55,3,18:57,18:59,19:01,19:03,19:04,19:06,19:09,19:11,19:14,4,,19:18,,19:20,19:22,19:25,19:27,2,19:30,
10,谷上,西神中央,,18:54,5,,19:02,2,19:04,19:06,19:08,19:10,19:11,19:13,19:16,19:18,19:21,4,,19:25,,19:27,19:29,19:31,19:34,3,19:36,
13,新神戸,西神中央,,,,,19:09,3,19:11,19:13,19:15,19:17,19:18,19:20,19:23,19:25,19:28,4,,19:32,,19:34,19:36,19:39,19:41,2,19:43,
05,谷上,西神中央,,19:09,5,,19:17,2,19:19,19:21,19:23,19:24,19:26,19:28,19:30,19:32,19:35,4,,19:38,,19:41,19:43,19:45,19:47,3,19:50,
16,新神戸,西神中央,,,,,19:22,1,19:25,19:26,19:28,19:30,19:32,19:33,19:36,19:38,19:42,4,,19:45,,19:47,19:50,19:52,19:54,2,19:57,
17,新神戸,西神中央,,,,,19:29,3,19:31,19:33,19:35,19:37,19:38,19:40,19:43,19:45,19:48,4,,19:52,,19:54,19:56,19:58,20:01,3,20:03,
06,谷上,西神中央,,19:28,5,,19:36,2,19:38,19:40,19:42,19:44,19:45,19:47,19:50,19:52,19:55,4,,19:59,,20:01,20:03,20:05,20:08,2,20:10,
09,新神戸,西神中央,,,,,19:42,3,19:45,19:47,19:49,19:50,19:52,19:53,19:56,19:59,20:02,4,,20:05,,20:08,20:10,20:12,20:14,3,20:17,
03,谷上,西神中央,,19:41,5,,19:49,2,19:52,19:53,19:55,19:57,19:59,20:00,20:03,20:05,20:09,4,,20:12,,20:14,20:17,20:19,20:21,2,20:24,
15,新神戸,西神中央,,,,,19:57,3,19:59,20:01,20:03,20:04,20:06,20:08,20:11,20:13,20:16,4,,20:19,,20:22,20:24,20:26,20:28,3,20:31,
07,谷上,西神中央,,19:56,5,,20:04,2,20:07,20:08,20:10,20:12,20:14,20:15,20:18,20:20,20:24,4,,20:27,,20:29,20:32,20:34,20:36,2,20:39,
26,新神戸,西神中央,,,,,20:12,3,20:15,20:16,20:18,20:20,20:22,20:23,20:26,20:28,20:32,4,,20:35,,20:37,20:40,20:42,20:44,3,20:47,
02,谷上,西神中央,,20:11,5,,20:20,2,20:22,20:24,20:26,20:27,20:29,20:31,20:34,20:36,20:39,4,,20:42,,20:45,20:47,20:49,20:51,2,20:54,入庫
10,新神戸,西神中央,,,,,20:26,3,20:29,20:30,20:32,20:34,20:36,20:37,20:40,20:42,20:46,4,,20:49,,20:51,20:54,20:56,20:58,3,21:01,
12,谷上,西神中央,,20:25,5,,20:33,2,20:35,20:37,20:39,20:41,20:42,20:44,20:46,20:48,20:52,4,,20:55,,20:57,21:00,21:02,21:04,2,21:07,
05,新神戸,西神中央,,,,,20:40,3,20:42,20:44,20:46,20:48,20:49,20:51,20:53,20:55,20:59,4,,21:02,,21:04,21:07,21:09,21:11,3,21:14,
13,谷上,西神中央,,20:39,5,,20:48,2,20:50,20:52,20:54,20:55,20:57,20:59,21:01,21:03,21:07,4,,21:10,,21:12,21:14,21:17,21:19,2,21:22,
17,新神戸,西神中央,,,,,20:56,3,20:58,21:00,21:02,21:03,21:05,21:07,21:09,21:11,21:15,4,,21:18,,21:20,21:22,21:24,21:27,3,21:29,
16,谷上,西神中央,,20:55,5,,21:03,2,21:06,21:08,21:09,21:11,21:13,21:14,21:17,21:19,21:23,4,,21:26,,21:28,21:30,21:32,21:35,2,21:37,
09,新神戸,西神中央,,,,,21:12,3,21:14,21:16,21:18,21:19,21:21,21:23,21:25,21:27,21:31,4,,21:34,,21:36,21:38,21:40,21:43,3,21:45,
06,谷上,西神中央,,21:11,5,,21:19,2,21:22,21:23,21:25,21:27,21:29,21:30,21:33,21:35,21:38,4,,21:41,,21:44,21:46,21:48,21:50,2,21:53,
15,新神戸,西神中央,,,,,21:26,3,21:29,21:31,21:32,21:34,21:36,21:37,21:40,21:42,21:46,4,,21:49,,21:51,21:53,21:55,21:58,3,22:00,
03,谷上,西神中央,,21:26,5,,21:34,2,21:36,21:38,21:40,21:42,21:43,21:45,21:47,21:49,21:53,4,,21:56,,21:58,22:01,22:03,22:05,2,22:08,
26,新神戸,西神中央,,,,,21:40,3,21:43,21:45,21:46,21:48,21:50,21:51,21:54,21:56,22:00,4,,22:03,,22:05,22:07,22:09,22:12,3,22:14,
07,谷上,西神中央,,21:41,5,,21:49,2,21:52,21:53,21:55,21:57,21:59,22:00,22:03,22:05,22:08,4,,22:11,,22:14,22:16,22:18,22:20,2,22:23,
12,新神戸,西神中央,,,,,21:56,3,21:59,22:00,22:02,22:04,22:05,22:07,22:10,22:12,22:15,4,,22:18,,22:20,22:23,22:25,22:27,3,22:30,入庫
10,谷上,西神中央,,21:55,5,,22:03,2,22:05,22:07,22:09,22:11,22:12,22:14,22:16,22:18,22:22,4,,22:25,,22:27,22:30,22:32,22:34,2,22:37,
13,新神戸,西神中央,,,,,22:10,3,22:12,22:14,22:16,22:17,22:19,22:21,22:23,22:25,22:29,4,,22:32,,22:34,22:36,22:38,22:41,3,22:43,
05,谷上,西神中央,,22:10,5,,22:18,2,22:20,22:22,22:24,22:26,22:27,22:29,22:31,22:33,22:37,4,,22:40,,22:42,22:45,22:47,22:49,2,22:52,
16,新神戸,西神中央,,,,,22:25,3,22:27,22:29,22:31,22:32,22:34,22:36,22:38,22:40,22:44,4,,22:47,,22:49,22:51,22:53,22:56,3,22:58,
09,新神戸,西神中央,,,,,22:32,3,22:35,22:36,22:38,22:40,22:42,22:43,22:46,22:48,22:51,4,,22:54,,22:57,22:59,23:01,23:03,2,23:06,
17,谷上,西神中央,,22:32,5,,22:40,2,22:43,22:44,22:46,22:48,22:50,22:51,22:54,22:56,22:59,4,,23:02,,23:05,23:07,23:09,23:11,3,23:14,
15,新神戸,西神中央,,,,,22:50,1,22:53,22:54,22:56,22:58,22:59,23:01,23:04,23:06,23:09,4,,23:12,,23:14,23:17,23:19,23:21,2,23:24,
03,新神戸,西神中央,,,,,23:00,3,23:02,23:04,23:06,23:07,23:09,23:11,23:13,23:15,23:19,4,,23:22,,23:24,23:26,23:28,23:31,2,23:33,
06,谷上,名谷,,22:59,5,,23:07,2,23:10,23:11,23:13,23:15,23:17,23:18,23:21,23:23,23:26,4,,23:29,泊車,,,,,,,
07,新神戸,西神中央,,,,,23:12,3,23:14,23:16,23:18,23:19,23:21,23:23,23:25,23:27,23:31,3,,23:34,,23:36,23:39,23:41,23:43,2,23:46,
26,谷上,西神中央,,23:16,5,,23:24,2,23:26,23:28,23:30,23:32,23:33,23:35,23:37,23:40,23:43,3,,23:46,,23:49,23:51,23:53,23:55,2,23:58,
13,新神戸,西神中央,,,,,23:36,3,23:38,23:40,23:42,23:43,23:45,23:47,23:49,23:51,23:55,3,,23:58,,0:00,0:03,0:05,0:07,2,0:10,
10,谷上,西神中央,,23:37,5,,23:45,2,23:48,23:49,23:51,23:53,23:55,23:56,23:59,0:01,0:04,3,,0:08,,0:10,0:13,0:15,0:17,3,0:20,泊車
05,谷上,西神中央,,23:55,5,,0:03,2,0:05,0:07,0:09,0:11,0:12,0:14,0:16,0:19,0:22,3,,0:25,,0:28,0:30,0:32,0:34,2,0:37,泊車